1/1/2501,1,-2.21688,5.53978,0
2/1/2501,2,-2.81141,4.36737,0
3/1/2501,3,-2.25342,4.01144,0
4/1/2501,4,-2.18208,4.57542,0
5/1/2501,5,-4.08497,2.91458,0
6/1/2501,6,-5.09996,1.46952,0
7/1/2501,7,-4.0696,3.5911,0
8/1/2501,8,0.23658,5.25102,10.0566
9/1/2501,9,-2.24613,5.39299,0
10/1/2501,10,-0.63875,7.2094,0
11/1/2501,11,0.197539,8.18842,0
12/1/2501,12,-1.59264,5.60552,0
13/1/2501,13,-2.26077,4.72131,0
14/1/2501,14,-1.29654,5.97775,0
15/1/2501,15,-1.4028,6.22075,0
16/1/2501,16,-1.19371,6.64407,0
17/1/2501,17,-1.41631,6.60176,0
18/1/2501,18,-0.0675267,5.32904,0.615122
19/1/2501,19,3.63176,8.27592,0.316451
20/1/2501,20,-0.528254,7.73597,0
21/1/2501,21,-3.13185,5.59978,0
22/1/2501,22,-7.02449,2.37346,0
23/1/2501,23,-9.48483,-0.0255456,0
24/1/2501,24,-8.67159,1.02432,0
25/1/2501,25,-2.24319,4.85405,0.250001
26/1/2501,26,-2.18216,4.83683,8.40812
27/1/2501,27,-7.59418,2.43402,0
28/1/2501,28,-9.1038,0.837083,0
29/1/2501,29,-10.0655,0.220411,0
30/1/2501,30,-8.43977,2.19411,0
31/1/2501,31,-9.06626,0.876084,0
1/2/2501,32,-8.91208,1.20766,0
2/2/2501,33,-8.81895,0.920134,0
3/2/2501,34,-9.62546,0.180454,0
4/2/2501,35,-10.7224,-0.59387,0
5/2/2501,36,-9.68918,0.637638,0
6/2/2501,37,-6.30808,3.95469,0
7/2/2501,38,-7.6767,2.14202,0
8/2/2501,39,-13.5177,-4.56194,0
9/2/2501,40,-10.196,-1.45022,0
10/2/2501,41,-6.38606,2.16662,0
11/2/2501,42,-6.56436,2.40209,0
12/2/2501,43,-6.08343,2.60531,0
13/2/2501,44,-5.15132,3.26335,0
14/2/2501,45,-3.88227,5.28127,0
15/2/2501,46,-2.61302,8.05872,0
16/2/2501,47,-1.39056,9.55605,0
17/2/2501,48,-2.0609,8.85903,0
18/2/2501,49,-1.3575,9.33823,0
19/2/2501,50,-1.62847,9.99173,0
20/2/2501,51,-4.38572,7.03118,0
21/2/2501,52,-5.9772,5.00288,0
22/2/2501,53,-5.58779,5.66527,0
23/2/2501,54,-5.1091,5.5347,0
24/2/2501,55,-4.20745,6.13451,0
25/2/2501,56,-2.82176,8.75569,0
26/2/2501,57,-0.104048,4.88935,4.26153
27/2/2501,58,-3.18502,8.69007,0
28/2/2501,59,0.45538,6.06276,1.71558
1/3/2501,60,-3.16684,10.453,0
2/3/2501,61,-4.15885,8.22946,0
3/3/2501,62,-3.45964,6.05602,0
4/3/2501,63,-1.12003,10.282,0
5/3/2501,64,-3.69566,8.23773,0
6/3/2501,65,-2.42108,9.28453,0
7/3/2501,66,-3.1811,6.76816,0
8/3/2501,67,-2.46949,8.9669,0
9/3/2501,68,-2.69413,8.85962,0
10/3/2501,69,-3.13816,8.20146,0
11/3/2501,70,-1.65245,9.24923,0
12/3/2501,71,1.19965,14.9248,0
13/3/2501,72,3.51048,15.4675,0
14/3/2501,73,4.74359,17.6968,0
15/3/2501,74,5.32161,21.2597,0
16/3/2501,75,3.84651,18.3925,0
17/3/2501,76,4.65099,11.3921,0.676508
18/3/2501,77,3.23433,18.8648,0
19/3/2501,78,4.11168,18.5037,0
20/3/2501,79,3.30827,17.7034,0
21/3/2501,80,2.91701,15.2782,0
22/3/2501,81,2.19786,13.9371,0
23/3/2501,82,4.74176,10.3429,0.446823
24/3/2501,83,3.59649,17.0594,0
25/3/2501,84,4.81336,19.6371,0
26/3/2501,85,4.4498,19.0742,0
27/3/2501,86,6.97526,15.1348,0.250001
28/3/2501,87,5.66332,22.7942,0
29/3/2501,88,5.56384,20.935,0
30/3/2501,89,3.33571,16.8934,0
31/3/2501,90,3.48626,15.956,0
1/4/2501,91,3.41906,14.8611,0
2/4/2501,92,1.77138,14.8054,0
3/4/2501,93,5.53541,10.5495,0.250001
4/4/2501,94,4.03975,17.384,0
5/4/2501,95,2.67404,14.7226,0
6/4/2501,96,1.55002,12.926,0
7/4/2501,97,1.52523,12.729,0
8/4/2501,98,2.49217,14.096,0
9/4/2501,99,2.78692,14.7566,0
10/4/2501,100,4.67938,16.4468,0
11/4/2501,101,5.1067,16.9154,0
12/4/2501,102,5.28985,18.3303,0
13/4/2501,103,4.86424,18.4239,0
14/4/2501,104,5.57634,19.9556,0
15/4/2501,105,4.82077,18.8578,0
16/4/2501,106,6.46174,14.9255,0.43324
17/4/2501,107,6.13854,13.4839,0.250001
18/4/2501,108,3.10987,16.604,0
19/4/2501,109,1.89571,14.4863,0
20/4/2501,110,2.84387,15.9448,0
21/4/2501,111,5.72584,11.3903,1.54805
22/4/2501,112,6.22297,11.7107,0.312208
23/4/2501,113,2.22743,14.7833,0
24/4/2501,114,1.67178,13.8982,0
25/4/2501,115,4.79899,10.345,1.47366
26/4/2501,116,5.36863,14.4549,0.250001
27/4/2501,117,3.19222,16.9504,0
28/4/2501,118,5.72284,18.8634,0
29/4/2501,119,6.9567,19.8118,0
30/4/2501,120,6.91466,20.2731,0
1/5/2501,121,5.4581,19.1732,0
2/5/2501,122,7.24134,18.8566,0
3/5/2501,123,7.16677,19.6448,0
4/5/2501,124,6.18542,19.2011,0
5/5/2501,125,6.76769,19.2023,0
6/5/2501,126,6.20155,19.4519,0
7/5/2501,127,6.54504,19.2255,0
8/5/2501,128,7.06053,19.5077,0
9/5/2501,129,9.39961,19.3398,2.72049
10/5/2501,130,10.2866,20.0331,0.55323
11/5/2501,131,9.71204,18.0351,1.7437
12/5/2501,132,8.44137,21.7444,0
13/5/2501,133,10.0506,16.6321,0.290627
14/5/2501,134,7.23926,19.1282,0
15/5/2501,135,7.70583,19.1429,0
16/5/2501,136,9.06278,21.4737,0
17/5/2501,137,12.0661,18.3521,3.95181
18/5/2501,138,11.5008,23.9535,0
19/5/2501,139,13.1993,24.8476,0
20/5/2501,140,13.8126,21.139,4.79016
21/5/2501,141,13.7422,21.4797,6.47484
22/5/2501,142,12.7861,27.0099,0
23/5/2501,143,12.923,28.1708,0
24/5/2501,144,12.4042,27.4988,0
25/5/2501,145,11.6548,25.4192,0
26/5/2501,146,11.0479,25.1189,0
27/5/2501,147,10.9315,25.6205,0
28/5/2501,148,10.6426,25.2897,0
29/5/2501,149,11.5432,27.1965,0
30/5/2501,150,11.7813,26.321,0
31/5/2501,151,12.3376,27.6037,0
1/6/2501,152,12.5508,27.6198,0
2/6/2501,153,11.3011,24.6875,0
3/6/2501,154,11.5392,25.7086,0
4/6/2501,155,13.7163,28.2442,0
5/6/2501,156,13.6061,28.3501,0
6/6/2501,157,13.2197,25.2739,14.958
7/6/2501,158,12.4596,27.2355,0
8/6/2501,159,12.3937,25.9511,0
9/6/2501,160,11.9578,22.1094,0.250001
10/6/2501,161,11.8593,25.4905,0
11/6/2501,162,12.5588,26.4848,0
12/6/2501,163,15.0276,29.2511,0
13/6/2501,164,16.1691,26.3866,12.1401
14/6/2501,165,16.26,29.9202,0
15/6/2501,166,17.084,31.4459,0
16/6/2501,167,14.5621,28.3086,0
17/6/2501,168,14.5518,29.1185,0
18/6/2501,169,14.0561,28.3048,0
19/6/2501,170,15.1827,28.4568,0
20/6/2501,171,15.1738,25.7511,0.357247
21/6/2501,172,15.7373,30.0399,0
22/6/2501,173,17.5723,32.1053,0
23/6/2501,174,16.5684,30.7424,0
24/6/2501,175,17.1318,29.184,1.50597
25/6/2501,176,19.477,34.6469,0
26/6/2501,177,21.7149,36.5731,0
27/6/2501,178,22.0407,35.8466,0
28/6/2501,179,23.1098,38.1045,0
29/6/2501,180,22.039,37.8214,0
30/6/2501,181,19.9412,35.647,0
1/7/2501,182,18.5085,34.0026,0
2/7/2501,183,17.0895,30.4551,0.308229
3/7/2501,184,16.8512,29.5482,17.1165
4/7/2501,185,19.3255,33.9266,0
5/7/2501,186,18.0117,33.2113,0
6/7/2501,187,16.3558,32.0654,0
7/7/2501,188,14.6089,29.5401,0
8/7/2501,189,16.0383,30.9619,0
9/7/2501,190,15.1645,29.4723,0
10/7/2501,191,16.4217,30.4995,0
11/7/2501,192,16.4293,31.2316,0
12/7/2501,193,17.8788,33.1492,0
13/7/2501,194,18.4867,33.8264,0
14/7/2501,195,18.0083,32.4178,0
15/7/2501,196,17.3442,32.1315,0
16/7/2501,197,17.8664,32.9568,0
17/7/2501,198,19.8029,35.0726,0
18/7/2501,199,19.9489,35.7742,0
19/7/2501,200,19.2034,35.1772,0
20/7/2501,201,18.9423,34.8159,0
21/7/2501,202,20.5767,36.5247,0
22/7/2501,203,21.6455,36.3064,0
23/7/2501,204,20.035,34.6671,0
24/7/2501,205,20.4118,35.67,0
25/7/2501,206,20.4897,36.0984,0
26/7/2501,207,21.4728,36.4502,0
27/7/2501,208,21.2746,35.9114,0
28/7/2501,209,22.6782,37.5274,0
29/7/2501,210,22.7994,38.2642,0
30/7/2501,211,22.1399,37.037,0
31/7/2501,212,21.2773,35.9998,0
1/8/2501,213,21.397,35.907,0
2/8/2501,214,20.7023,36.9877,0
3/8/2501,215,20.5934,36.873,0
4/8/2501,216,20.6849,36.1354,0
5/8/2501,217,17.6499,33.3039,0
6/8/2501,218,17.5768,32.9745,0
7/8/2501,219,19.4795,33.1068,0
8/8/2501,220,18.2498,31.6791,0
9/8/2501,221,17.957,30.2635,1.37724
10/8/2501,222,19.1775,31.6401,18.0054
11/8/2501,223,20.49,35.4668,0
12/8/2501,224,18.5103,32.4633,0
13/8/2501,225,18.5254,32.6554,0
14/8/2501,226,20.0646,32.8358,0
15/8/2501,227,19.9433,33.2738,0
16/8/2501,228,17.4701,30.4555,0
17/8/2501,229,18.363,33.2112,0
18/8/2501,230,16.0133,30.3799,0
19/8/2501,231,16.8623,31.1927,0
20/8/2501,232,16.917,29.9666,0
21/8/2501,233,18.9929,33.5966,0
22/8/2501,234,18.6888,32.8428,0
23/8/2501,235,19.886,29.156,3.68754
24/8/2501,236,19.5473,31.7327,7.7262
25/8/2501,237,20.8154,34.5014,0
26/8/2501,238,18.961,33.718,0
27/8/2501,239,19.8883,36.2529,0
28/8/2501,240,20.8945,37.126,0
29/8/2501,241,20.5032,36.8478,0
30/8/2501,242,18.5585,35.2213,0
31/8/2501,243,18.7335,36.0911,0
1/9/2501,244,20.318,37.9255,0
2/9/2501,245,20.9261,37.3642,0
3/9/2501,246,19.4929,34.1154,0
4/9/2501,247,18.9245,33.3356,0
5/9/2501,248,19.6991,34.7107,0
6/9/2501,249,17.6377,33.032,0
7/9/2501,250,19.3036,34.7371,0
8/9/2501,251,19.2312,34.1275,0
9/9/2501,252,17.4287,33.6879,0
10/9/2501,253,17.8133,30.9848,9.63718
11/9/2501,254,18.1933,29.9886,0.946663
12/9/2501,255,16.73,32.063,0
13/9/2501,256,14.783,28.3331,0
14/9/2501,257,15.9728,30.0442,0
15/9/2501,258,15.4752,29.0981,0
16/9/2501,259,15.6024,29.729,0
17/9/2501,260,16.3586,30.6714,0
18/9/2501,261,15.9793,27.2854,43.3501
19/9/2501,262,14.6828,28.8168,0
20/9/2501,263,13.9271,23.2324,35.5986
21/9/2501,264,13.9495,23.565,0.852685
22/9/2501,265,12.6042,25.6046,0
23/9/2501,266,12.2517,25.3709,0
24/9/2501,267,13.9009,21.6614,0.443092
25/9/2501,268,14.3982,22.6069,0.250001
26/9/2501,269,12.8836,21.9739,1.13257
27/9/2501,270,13.957,26.8584,0
28/9/2501,271,17.9157,30.2261,0
29/9/2501,272,16.1272,27.9232,0
30/9/2501,273,13.7926,22.9234,0.398279
1/10/2501,274,13.0439,25.5289,0
2/10/2501,275,11.2745,23.606,0
3/10/2501,276,11.6692,19.272,0.250001
4/10/2501,277,11.8546,18.2602,2.43837
5/10/2501,278,11.4292,23.4774,0
6/10/2501,279,12.5054,25.0134,0
7/10/2501,280,10.4044,17.8794,13.9711
8/10/2501,281,9.98838,19.1714,2.91741
9/10/2501,282,10.394,17.9561,3.61381
10/10/2501,283,8.97144,21.425,0
11/10/2501,284,12.1645,19.1069,12.0444
12/10/2501,285,12.6332,18.9964,6.71059
13/10/2501,286,12.9278,22.8267,0
14/10/2501,287,13.0563,21.8539,0
15/10/2501,288,14.0118,23.2368,0
16/10/2501,289,14.4486,24.588,0
17/10/2501,290,13.8821,24.0927,0
18/10/2501,291,10.9821,21.2105,0
19/10/2501,292,10.8149,19.7355,0
20/10/2501,293,11.8935,21.4716,0
21/10/2501,294,9.76121,20.3332,0
22/10/2501,295,7.23032,18.3618,0
23/10/2501,296,8.01581,19.134,0
24/10/2501,297,10.1754,15.0607,0.250001
25/10/2501,298,5.79092,15.1859,0
26/10/2501,299,10.4598,15.3472,12.8764
27/10/2501,300,4.50281,15.0649,0
28/10/2501,301,3.66612,9.34622,1.51393
29/10/2501,302,-1.96975,12.3074,0
30/10/2501,303,-0.257664,12.1152,0
31/10/2501,304,-0.302705,13.1695,0
1/11/2501,305,2.61116,13.9824,0
2/11/2501,306,3.78735,14.6773,0
3/11/2501,307,2.82715,15.4757,0
4/11/2501,308,0.865719,14.8774,0
5/11/2501,309,5.68327,13.7445,20.5745
6/11/2501,310,3.71138,12.2101,0.250001
7/11/2501,311,-4.04337,10.8511,0
8/11/2501,312,-2.99694,13.4118,0
9/11/2501,313,0.00714001,7.73626,14.0198
10/11/2501,314,0.87527,9.24167,0.250001
11/11/2501,315,-0.336759,8.10337,8.71402
12/11/2501,316,-1.86122,7.25062,11.9427
13/11/2501,317,-9.20918,5.34371,0
14/11/2501,318,-8.61824,5.34829,0
15/11/2501,319,-4.02018,7.89006,0
16/11/2501,320,-2.05321,8.96027,0
17/11/2501,321,-2.5125,9.04574,0
18/11/2501,322,-1.9643,9.20738,0
19/11/2501,323,-0.470253,8.55997,0
20/11/2501,324,0.937124,8.83317,0
21/11/2501,325,5.206,10.2418,24.3402
22/11/2501,326,3.97136,11.7547,0
23/11/2501,327,3.86828,12.3867,0
24/11/2501,328,1.36343,10.7542,0
25/11/2501,329,1.60922,10.8389,0
26/11/2501,330,2.09365,10.7311,0
27/11/2501,331,0.468814,9.22956,0
28/11/2501,332,2.39807,8.19454,12.2784
29/11/2501,333,1.40272,10.1651,0
30/11/2501,334,1.12772,9.65398,0
1/12/2501,335,0.793431,8.38046,0
2/12/2501,336,0.959433,7.89574,0
3/12/2501,337,2.95588,6.83975,1.39045
4/12/2501,338,3.83901,7.7342,0.308338
5/12/2501,339,4.13432,8.17475,24.9483
6/12/2501,340,-1.16633,6.99537,0
7/12/2501,341,-5.87805,2.88564,0
8/12/2501,342,-4.30261,3.97703,0
9/12/2501,343,3.21831,7.0606,1.30528
10/12/2501,344,-0.601045,4.71803,0.685973
11/12/2501,345,-1.24411,5.18591,3.957
12/12/2501,346,-0.0137457,5.76593,0.388312
13/12/2501,347,-1.85524,6.05311,0
14/12/2501,348,-3.91189,3.90895,0
15/12/2501,349,-8.70449,-0.138406,0
16/12/2501,350,-10.2851,-1.69031,0
17/12/2501,351,-8.29584,-0.0443756,0
18/12/2501,352,-7.49738,0.282853,0
19/12/2501,353,-7.16407,-0.175844,0
20/12/2501,354,-5.86063,0.585546,0
21/12/2501,355,-3.54914,2.59118,0
22/12/2501,356,-2.88311,4.00168,0
23/12/2501,357,-3.83797,3.08118,0
24/12/2501,358,-4.11038,2.83478,0
25/12/2501,359,-3.3673,3.89229,0
26/12/2501,360,-1.3674,3.83155,0.250001
27/12/2501,361,-0.664859,4.50182,1.12957
28/12/2501,362,-0.7804,4.46493,0.250001
29/12/2501,363,-0.487591,4.98009,0.25
30/12/2501,364,-1.18449,5.40294,0
31/12/2501,365,-1.92468,4.76434,0
1/1/2502,1,-0.781471,5.76077,0
2/1/2502,2,-3.13668,3.72121,0
3/1/2502,3,-1.78474,4.90091,0
4/1/2502,4,-0.19794,4.85745,0.490469
5/1/2502,5,-2.32107,5.51925,0
6/1/2502,6,-1.00978,6.45333,0
7/1/2502,7,-1.64971,5.32988,0
8/1/2502,8,-3.30438,3.38259,0
9/1/2502,9,-5.55814,1.4288,0
10/1/2502,10,-6.72297,-0.462653,0
11/1/2502,11,-3.70129,2.66414,0
12/1/2502,12,-2.75797,3.88302,0
13/1/2502,13,-0.879675,6.37961,0
14/1/2502,14,-1.27631,6.11359,0
15/1/2502,15,-0.74761,6.78351,0
16/1/2502,16,-4.46821,3.03914,0
17/1/2502,17,-4.56903,2.79546,0
18/1/2502,18,-3.69705,3.6405,0
19/1/2502,19,-5.25636,2.21698,0
20/1/2502,20,-0.615641,7.14532,0
21/1/2502,21,2.08239,10.0386,0
22/1/2502,22,-2.63453,5.78096,0
23/1/2502,23,-2.25609,6.76293,0
24/1/2502,24,-3.66531,5.49499,0
25/1/2502,25,-1.22213,8.06902,0
26/1/2502,26,1.01162,7.83994,6.84691
27/1/2502,27,0.852711,6.92297,0.250001
28/1/2502,28,-5.3955,4.97512,0
29/1/2502,29,-7.18856,3.11959,0
30/1/2502,30,-5.92999,4.05393,0
31/1/2502,31,-6.04065,4.06774,0
1/2/2502,32,-4.38505,2.68909,8.56482
2/2/2502,33,-2.12273,4.54391,7.13226
3/2/2502,34,-5.59512,4.77421,0
4/2/2502,35,-8.39564,2.3587,0
5/2/2502,36,-8.4719,2.2277,0
6/2/2502,37,-4.48858,5.47856,0
7/2/2502,38,-1.25252,8.47345,0
8/2/2502,39,-7.72883,1.96647,0
9/2/2502,40,-5.00278,4.58853,0
10/2/2502,41,-1.79224,6.79272,0
11/2/2502,42,0.88951,4.61368,12.2609
12/2/2502,43,-2.55178,6.57796,0
13/2/2502,44,2.40489,6.71865,15.8521
14/2/2502,45,1.60077,6.06379,5.79019
15/2/2502,46,2.16752,5.96942,1.44744
16/2/2502,47,-2.80939,6.12873,0
17/2/2502,48,-2.52377,6.64921,0
18/2/2502,49,-2.93316,6.14514,0
19/2/2502,50,-4.07141,4.39423,0
20/2/2502,51,-1.96296,7.31946,0
21/2/2502,52,-3.65657,5.09825,0
22/2/2502,53,-1.37767,9.13739,0
23/2/2502,54,-2.42048,8.46666,0
24/2/2502,55,-1.64013,10.1302,0
25/2/2502,56,1.58394,4.90269,4.25937
26/2/2502,57,0.260446,3.67715,24.1134
27/2/2502,58,0.519622,2.49331,0.322279
28/2/2502,59,-0.94819,9.02728,0
1/3/2502,60,2.56256,15.2416,0
2/3/2502,61,6.05163,11.83,3.23242
3/3/2502,62,2.80655,18.0361,0
4/3/2502,63,3.10713,17.3442,0
5/3/2502,64,2.1857,13.9085,0
6/3/2502,65,2.48988,16.9952,0
7/3/2502,66,2.46262,14.8135,0
8/3/2502,67,0.896034,14.4791,0
9/3/2502,68,2.39698,16.2393,0
10/3/2502,69,2.24406,15.7573,0
11/3/2502,70,5.21527,11.7281,4.29722
12/3/2502,71,4.13445,18.4848,0
13/3/2502,72,4.50299,11.8045,7.85595
14/3/2502,73,3.77975,9.72631,3.72693
15/3/2502,74,2.38313,14.8728,0
16/3/2502,75,4.23872,17.6365,0
17/3/2502,76,3.62437,17.9453,0
18/3/2502,77,6.70694,25.231,0
19/3/2502,78,7.50491,24.3765,0
20/3/2502,79,8.18003,24.9819,0
21/3/2502,80,8.41832,24.0233,0
22/3/2502,81,7.82783,23.2772,0
23/3/2502,82,8.37707,24.3766,0
24/3/2502,83,4.5634,19.027,0
25/3/2502,84,6.64559,21.6306,0
26/3/2502,85,5.82858,13.7078,6.69375
27/3/2502,86,1.97215,15.0586,0
28/3/2502,87,2.82604,15.7241,0
29/3/2502,88,6.12619,13.7186,1.92052
30/3/2502,89,5.50327,20.3533,0
31/3/2502,90,6.15594,21.0889,0
1/4/2502,91,7.61855,20.528,0
2/4/2502,92,8.11084,20.6805,0
3/4/2502,93,7.71783,14.0573,13.6544
4/4/2502,94,6.24116,13.8891,16.0639
5/4/2502,95,5.64382,19.7839,0
6/4/2502,96,4.54128,18.6373,0
7/4/2502,97,6.33922,19.525,0
8/4/2502,98,5.99616,19.1151,0
9/4/2502,99,7.19247,21.4644,0
10/4/2502,100,9.24565,17.9941,5.85797
11/4/2502,101,8.99204,17.8546,0.250001
12/4/2502,102,8.97432,23.9535,0
13/4/2502,103,9.57001,23.3414,0
14/4/2502,104,9.4173,17.1748,21.4691
15/4/2502,105,6.39734,19.9511,0
16/4/2502,106,7.67115,21.2937,0
17/4/2502,107,7.79406,21.5706,0
18/4/2502,108,7.00629,20.6149,0
19/4/2502,109,7.72618,22.5313,0
20/4/2502,110,9.46183,18.1235,27.6554
21/4/2502,111,9.49734,20.5155,0.631616
22/4/2502,112,7.97022,18.3118,1.89761
23/4/2502,113,8.68556,19.1204,4.33277
24/4/2502,114,8.07828,22.2019,0
25/4/2502,115,8.05576,21.4849,0
26/4/2502,116,7.52419,20.9798,0
27/4/2502,117,8.92222,16.1018,16.1996
28/4/2502,118,9.44421,16.8656,5.48049
29/4/2502,119,8.22652,22.3002,0
30/4/2502,120,11.1336,19.575,5.11062
1/5/2502,121,9.76977,24.0071,0
2/5/2502,122,10.1083,24.2445,0
3/5/2502,123,10.1885,19.1702,0.251889
4/5/2502,124,11.2715,24.8993,0
5/5/2502,125,9.31841,22.9859,0
6/5/2502,126,9.40547,23.6797,0
7/5/2502,127,9.25799,24.5981,0
8/5/2502,128,10.09,24.2594,0
9/5/2502,129,9.75275,19.3334,23.0101
10/5/2502,130,7.84385,21.764,0
11/5/2502,131,6.7482,19.5382,0
12/5/2502,132,9.33509,16.6977,0.251743
13/5/2502,133,9.18804,21.6823,0
14/5/2502,134,8.51337,19.0724,0
15/5/2502,135,9.09968,19.4678,0
16/5/2502,136,9.73078,20.4848,0
17/5/2502,137,9.39028,21.9667,0
18/5/2502,138,10.8175,24.4362,0
19/5/2502,139,11.8256,26.4189,0
20/5/2502,140,12.4752,26.6279,0
21/5/2502,141,13.0836,28.3017,0
22/5/2502,142,14.3593,29.0687,0
23/5/2502,143,15.4051,29.7066,0
24/5/2502,144,14.5913,29.3345,0
25/5/2502,145,16.1153,30.9869,0
26/5/2502,146,16.3809,29.8691,0
27/5/2502,147,16.3841,30.5429,0
28/5/2502,148,17.8045,33.5686,0
29/5/2502,149,18.6113,36.0933,0
30/5/2502,150,17.6372,33.8312,0
31/5/2502,151,15.8193,32.2697,0
1/6/2502,152,15.9132,32.5133,0
2/6/2502,153,15.4392,32.3559,0
3/6/2502,154,13.5336,30.2814,0
4/6/2502,155,13.665,30.5143,0
5/6/2502,156,12.106,29.1311,0
6/6/2502,157,13.5209,28.9317,0
7/6/2502,158,15.0393,30.4992,0
8/6/2502,159,15.8181,31.6451,0
9/6/2502,160,14.9284,30.0079,0
10/6/2502,161,15.4067,29.1727,0
11/6/2502,162,16.4991,30.3143,0
12/6/2502,163,17.8245,32.3311,0
13/6/2502,164,17.0189,31.3636,0
14/6/2502,165,16.8049,31.0528,0
15/6/2502,166,17.3729,31.068,0
16/6/2502,167,14.5558,27.9424,0
17/6/2502,168,15.7715,28.6802,0
18/6/2502,169,16.5088,29.8334,0
19/6/2502,170,16.997,31.8502,0
20/6/2502,171,15.2602,24.9166,28.0096
21/6/2502,172,14.1074,23.0007,14.0336
22/6/2502,173,10.6594,24.2734,0
23/6/2502,174,11.0435,24.2217,0
24/6/2502,175,11.8792,25.0261,0
25/6/2502,176,9.61399,22.5455,0
26/6/2502,177,11.8746,18.3251,28.0571
27/6/2502,178,10.9894,23.5059,0
28/6/2502,179,10.9047,23.8333,0
29/6/2502,180,12.3309,25.8033,0
30/6/2502,181,11.462,24.4138,0
1/7/2502,182,12.9638,26.055,0
2/7/2502,183,15.2294,27.3389,27.9617
3/7/2502,184,14.5935,29.8744,0
4/7/2502,185,15.703,30.2628,0
5/7/2502,186,16.4043,30.7706,0
6/7/2502,187,15.7166,29.8329,0
7/7/2502,188,15.7689,29.8073,0
8/7/2502,189,16.3878,31.0096,0
9/7/2502,190,16.3431,30.0977,0
10/7/2502,191,13.8959,27.6673,0
11/7/2502,192,12.1544,26.2681,0
12/7/2502,193,13.9038,26.8688,0
13/7/2502,194,14.8314,28.261,0
14/7/2502,195,14.5969,27.8354,0
15/7/2502,196,14.7655,28.3841,0
16/7/2502,197,13.9452,27.4146,0
17/7/2502,198,15.9733,29.1027,0
18/7/2502,199,16.3906,29.9918,0
19/7/2502,200,18.9438,33.3479,0
20/7/2502,201,18.4274,32.9324,0
21/7/2502,202,19.6153,33.311,0
22/7/2502,203,19.9271,33.0115,0
23/7/2502,204,18.8893,32.647,0
24/7/2502,205,19.3284,33.3702,0
25/7/2502,206,21.4603,35.4553,0
26/7/2502,207,18.902,32.9958,0
27/7/2502,208,17.1663,31.7054,0
28/7/2502,209,17.1801,27.928,0.495254
29/7/2502,210,16.0811,29.7556,0
30/7/2502,211,16.9971,31.8017,0
31/7/2502,212,17.6006,31.3027,0
1/8/2502,213,17.0946,30.0617,0
2/8/2502,214,18.4803,32.1414,0
3/8/2502,215,14.1965,28.2723,0
4/8/2502,216,17.3584,31.3808,0
5/8/2502,217,16.5267,29.95,0
6/8/2502,218,17.3697,30.189,0
7/8/2502,219,15.9673,29.0215,0
8/8/2502,220,16.0369,23.3279,0.250001
9/8/2502,221,14.0737,26.8261,0
10/8/2502,222,14.1113,27.0001,0
11/8/2502,223,13.414,25.8307,0
12/8/2502,224,13.8489,24.5426,0
13/8/2502,225,14.1222,26.4471,0
14/8/2502,226,16.8476,24.5903,3.29555
15/8/2502,227,17.1516,27.9494,13.0534
16/8/2502,228,15.8901,31.3294,0
17/8/2502,229,16.5354,31.1512,0
18/8/2502,230,15.4856,29.669,0
19/8/2502,231,16.0313,29.1527,0
20/8/2502,232,14.4476,26.2194,0
21/8/2502,233,13.1432,25.6551,0
22/8/2502,234,12.5942,25.8458,0
23/8/2502,235,13.3414,25.9072,0
24/8/2502,236,13.0705,25.1995,0
25/8/2502,237,11.975,24.9544,0
26/8/2502,238,13.3349,24.2732,0
27/8/2502,239,12.8505,24.7687,0
28/8/2502,240,12.179,23.4704,0
29/8/2502,241,12.8269,25.0016,0
30/8/2502,242,12.9755,24.7488,0
31/8/2502,243,14.7575,19.6152,31.8193
1/9/2502,244,12.8694,24.4068,0
2/9/2502,245,12.7321,23.8568,0
3/9/2502,246,12.6976,24.3056,0
4/9/2502,247,14.6718,26.8343,0
5/9/2502,248,14.9017,28.2007,0
6/9/2502,249,13.9033,26.3569,0
7/9/2502,250,14.7214,27.5685,0
8/9/2502,251,16.8727,29.9701,0
9/9/2502,252,16.396,31.1686,0
10/9/2502,253,15.0299,30.3241,0
11/9/2502,254,16.3359,30.5566,0
12/9/2502,255,15.8464,30.3417,0
13/9/2502,256,16.6816,30.9566,0
14/9/2502,257,17.5209,32.0276,0
15/9/2502,258,16.119,29.7628,0
16/9/2502,259,14.9716,29.0781,0
17/9/2502,260,15.1419,29.3229,0
18/9/2502,261,16.3852,30.4244,0
19/9/2502,262,16.6679,30.5481,0
20/9/2502,263,16.5913,30.2434,0
21/9/2502,264,15.5102,23.0592,2.57707
22/9/2502,265,12.1108,25.1392,0
23/9/2502,266,11.8966,25.0642,0
24/9/2502,267,12.1412,25.091,0
25/9/2502,268,12.8762,17.7847,1.70669
26/9/2502,269,9.39955,22.5339,0
27/9/2502,270,10.9359,24.167,0
28/9/2502,271,10.5627,24.0161,0
29/9/2502,272,11.4894,24.7927,0
30/9/2502,273,10.1721,22.696,0
1/10/2502,274,7.62975,20.2904,0
2/10/2502,275,7.40166,19.8638,0
3/10/2502,276,7.93794,20.9251,0
4/10/2502,277,6.92499,21.1626,0
5/10/2502,278,5.03867,21.3329,0
6/10/2502,279,4.94512,19.9068,0
7/10/2502,280,6.88467,21.5356,0
8/10/2502,281,7.02139,20.5988,0
9/10/2502,282,7.1365,21.2547,0
10/10/2502,283,10.3635,23.7192,0
11/10/2502,284,9.19935,22.3419,0
12/10/2502,285,5.44684,18.4591,0
13/10/2502,286,9.53579,22.0528,0
14/10/2502,287,10.6062,22.8989,0
15/10/2502,288,10.439,22.3475,0
16/10/2502,289,11.8203,23.3987,0
17/10/2502,290,10.541,21.3237,0
18/10/2502,291,11.8148,17.6938,8.19444
19/10/2502,292,9.63115,18.2937,0
20/10/2502,293,8.91335,16.4317,0
21/10/2502,294,12.7647,18.2893,0
22/10/2502,295,14.2465,19.9989,0
23/10/2502,296,9.51849,17.0962,0
24/10/2502,297,11.2512,18.412,0
25/10/2502,298,9.83901,17.0699,0
26/10/2502,299,11.3634,19.3711,0
27/10/2502,300,13.5233,19.5555,0
28/10/2502,301,17.0328,22.0187,0
29/10/2502,302,15.1145,20.172,0
30/10/2502,303,13.8929,20.1538,0
31/10/2502,304,13.2031,19.4488,0
1/11/2502,305,10.5009,14.8414,1.45556
2/11/2502,306,12.3885,17.0164,0.250001
3/11/2502,307,7.86001,16.9773,0
4/11/2502,308,9.22959,17.1911,0
5/11/2502,309,4.51827,13.8121,0
6/11/2502,310,13.1105,17.413,62.8724
7/11/2502,311,13.9265,18.423,0
8/11/2502,312,10.0888,13.7983,26.1094
9/11/2502,313,7.33995,14.1769,0
10/11/2502,314,7.42374,11.9946,5.57857
11/11/2502,315,6.0004,13.2472,0
12/11/2502,316,7.03135,15.0882,0
13/11/2502,317,4.08305,9.23525,0.486597
14/11/2502,318,7.29278,11.3526,3.92954
15/11/2502,319,10.3736,13.6888,4.70264
16/11/2502,320,6.07355,12.1385,0
17/11/2502,321,2.42051,8.82595,0
18/11/2502,322,5.04348,13.5812,0
19/11/2502,323,9.85926,14.8482,2.20176
20/11/2502,324,8.45808,13.5095,0.494807
21/11/2502,325,7.60104,11.409,7.55101
22/11/2502,326,11.7216,14.6333,0.250001
23/11/2502,327,10.7039,14.7858,0
24/11/2502,328,10.6883,14.4556,0
25/11/2502,329,9.18777,13.4846,0
26/11/2502,330,7.36009,12.057,0
27/11/2502,331,8.87808,12.9657,0
28/11/2502,332,7.33828,12.9015,0
29/11/2502,333,-0.0240903,7.80981,0
30/11/2502,334,1.61319,9.76169,0
1/12/2502,335,3.26382,10.8437,0
2/12/2502,336,-0.585445,9.04722,0
3/12/2502,337,-1.56098,7.61691,0
4/12/2502,338,-2.93175,6.22722,0
5/12/2502,339,-3.42685,5.82601,0
6/12/2502,340,-2.9647,5.57669,0
7/12/2502,341,-1.27662,7.84378,0
8/12/2502,342,-4.87052,5.03492,0
9/12/2502,343,-3.13042,6.24641,0
10/12/2502,344,-0.976099,7.02701,0
11/12/2502,345,-1.87119,5.89166,0
12/12/2502,346,-1.21647,5.99612,0
13/12/2502,347,-3.27078,4.35625,0
14/12/2502,348,-2.50593,5.63918,0
15/12/2502,349,1.91667,7.38235,24.2363
16/12/2502,350,-0.287618,7.30562,0
17/12/2502,351,0.886875,8.08594,0
18/12/2502,352,-4.89976,2.38108,0
19/12/2502,353,-3.57643,3.42558,0
20/12/2502,354,-0.548434,4.6901,0.250001
21/12/2502,355,-1.08075,4.24658,0.250001
22/12/2502,356,-1.95549,4.11906,0.250001
23/12/2502,357,-0.852446,5.06518,1.11098
24/12/2502,358,-5.91363,0.297746,0
25/12/2502,359,-4.45878,2.37996,0
26/12/2502,360,-1.58255,3.36181,11.8541
27/12/2502,361,-2.78385,4.09316,0
28/12/2502,362,-2.68866,3.49241,0
29/12/2502,363,-2.68482,2.89184,0
30/12/2502,364,-2.34959,3.76998,0
31/12/2502,365,0.12157,7.15658,0
1/1/2503,1,-0.631427,7.35795,0
2/1/2503,2,0.438805,9.186,0
3/1/2503,3,0.698794,9.19055,0
4/1/2503,4,0.217294,8.80783,0
5/1/2503,5,-1.97907,5.93647,0
6/1/2503,6,-0.33427,7.61042,0
7/1/2503,7,0.833173,9.31808,0
8/1/2503,8,-0.321932,7.43477,0
9/1/2503,9,2.86035,6.44051,2.18021
10/1/2503,10,2.28416,10.465,0
11/1/2503,11,2.92044,10.973,0
12/1/2503,12,-0.124627,7.60817,0
13/1/2503,13,-0.478187,7.12533,0
14/1/2503,14,-1.10434,3.46673,35.8268
15/1/2503,15,-0.667238,3.76965,14.7264
16/1/2503,16,-1.69765,6.07569,0
17/1/2503,17,-4.50479,3.67372,0
18/1/2503,18,-3.21867,4.67304,0
19/1/2503,19,-5.55733,2.53645,0
20/1/2503,20,-1.04436,7.01215,0
21/1/2503,21,-2.37716,5.90542,0
22/1/2503,22,-4.82067,3.89995,0
23/1/2503,23,-2.56227,3.42954,13.5383
24/1/2503,24,-3.41088,5.27076,0
25/1/2503,25,-3.12258,5.51382,0
26/1/2503,26,-2.73667,5.98911,0
27/1/2503,27,-4.75401,4.33863,0
28/1/2503,28,-1.55183,3.94035,7.14798
29/1/2503,29,-1.85874,4.119,13.8767
30/1/2503,30,-5.17536,4.22859,0
31/1/2503,31,-1.92754,7.87912,0
1/2/2503,32,0.0574238,9.62068,0
2/2/2503,33,0.39007,9.88011,0
3/2/2503,34,-1.08908,8.43323,0
4/2/2503,35,-1.15202,8.74684,0
5/2/2503,36,-2.52036,6.99611,0
6/2/2503,37,-0.413102,9.01158,0
7/2/2503,38,-0.411244,9.23295,0
8/2/2503,39,-1.22009,9.00384,0
9/2/2503,40,-0.598408,9.51249,0
10/2/2503,41,1.25195,11.9592,0
11/2/2503,42,-0.553231,10.5598,0
12/2/2503,43,0.24706,11.9241,0
13/2/2503,44,-0.277455,11.1848,0
14/2/2503,45,3.86929,15.922,0
15/2/2503,46,4.33934,16.2708,0
16/2/2503,47,3.87455,16.7816,0
17/2/2503,48,3.50142,15.9886,0
18/2/2503,49,4.08146,17.4516,0
19/2/2503,50,5.31514,19.0564,0
20/2/2503,51,4.75782,20.2454,0
21/2/2503,52,4.70798,20.4809,0
22/2/2503,53,3.50592,18.9083,0
23/2/2503,54,5.36005,19.5908,0
24/2/2503,55,5.2658,12.945,0.622551
25/2/2503,56,3.65768,17.6983,0
26/2/2503,57,5.67368,10.7976,10.1198
27/2/2503,58,3.96613,17.2487,0
28/2/2503,59,3.85542,16.4496,0
1/3/2503,60,5.84282,13.4683,0.500327
2/3/2503,61,5.65665,13.8625,1.23797
3/3/2503,62,5.14495,13.7865,0.250001
4/3/2503,63,6.07357,15.1854,8.132
5/3/2503,64,8.44471,15.7495,10.1688
6/3/2503,65,9.42669,24.3289,0
7/3/2503,66,9.0451,25.4642,0
8/3/2503,67,6.84186,21.619,0
9/3/2503,68,7.64929,15.7842,1.28186
10/3/2503,69,7.76149,22.4957,0
11/3/2503,70,6.83463,22.0789,0
12/3/2503,71,4.85447,20.3882,0
13/3/2503,72,4.16281,19.1026,0
14/3/2503,73,3.77334,18.2176,0
15/3/2503,74,3.61945,11.2039,6.18981
16/3/2503,75,4.83436,12.6642,28.3168
17/3/2503,76,3.82902,18.2547,0
18/3/2503,77,2.27032,14.4239,0
19/3/2503,78,1.65994,14.6318,0
20/3/2503,79,1.48561,13.7333,0
21/3/2503,80,2.24696,14.4542,0
22/3/2503,81,0.759935,14.2187,0
23/3/2503,82,2.72624,7.99267,0.250001
24/3/2503,83,3.55743,8.64004,7.04094
25/3/2503,84,3.73402,10.0565,2.15983
26/3/2503,85,2.79768,15.104,0
27/3/2503,86,3.36037,14.2342,0
28/3/2503,87,4.4294,17.3441,0
29/3/2503,88,3.30992,16.4389,0
30/3/2503,89,0.735103,12.6397,0
31/3/2503,90,4.16595,9.07475,11.1284
1/4/2503,91,5.14721,9.07518,17.9518
2/4/2503,92,2.18398,15.0961,0
3/4/2503,93,1.94613,13.8109,0
4/4/2503,94,1.44547,13.2498,0
5/4/2503,95,4.56645,11.6519,1.83053
6/4/2503,96,3.10937,16.8228,0
7/4/2503,97,3.34352,15.1632,0
8/4/2503,98,4.66056,17.5254,0
9/4/2503,99,5.01267,18.402,0
10/4/2503,100,6.84861,19.2568,0
11/4/2503,101,6.43079,12.1765,0.819458
12/4/2503,102,4.26443,16.6371,0
13/4/2503,103,4.31843,16.541,0
14/4/2503,104,4.4436,18.481,0
15/4/2503,105,5.48049,19.707,0
16/4/2503,106,4.0439,18.6358,0
17/4/2503,107,7.62296,18.1915,4.13704
18/4/2503,108,7.48566,22.1522,0
19/4/2503,109,5.66333,20.3513,0
20/4/2503,110,7.07656,21.8821,0
21/4/2503,111,6.00948,18.5582,0
22/4/2503,112,5.41066,18.4814,0
23/4/2503,113,8.2589,17.907,0.892974
24/4/2503,114,8.73851,17.027,0.250001
25/4/2503,115,9.51714,18.4682,0.679916
26/4/2503,116,8.45619,22.5274,0
27/4/2503,117,9.61313,24.0102,0
28/4/2503,118,9.23726,23.191,0
29/4/2503,119,8.7086,22.1589,0
30/4/2503,120,8.06978,22.0179,0
1/5/2503,121,9.64181,17.7684,2.1425
2/5/2503,122,9.37713,17.925,32.5851
3/5/2503,123,8.64421,21.8186,0
4/5/2503,124,7.68372,21.086,0
5/5/2503,125,9.16466,22.5323,0
6/5/2503,126,10.4837,25.2569,0
7/5/2503,127,9.35077,22.8369,0
8/5/2503,128,10.6033,21.5211,2.33743
9/5/2503,129,9.51449,23.9363,0
10/5/2503,130,11.7178,21.3234,5.6849
11/5/2503,131,10.8469,24.18,0
12/5/2503,132,10.5821,24.124,0
13/5/2503,133,10.7599,23.7657,0
14/5/2503,134,12.0472,24.8549,0
15/5/2503,135,11.924,26.1883,0
16/5/2503,136,10.3475,25.5661,0
17/5/2503,137,11.3223,26.9884,0
18/5/2503,138,11.6298,28.5464,0
19/5/2503,139,11.834,27.3174,0
20/5/2503,140,13.6263,25.5953,43.928
21/5/2503,141,14.0725,24.1865,39.0803
22/5/2503,142,13.9765,22.4676,17.6191
23/5/2503,143,12.9173,25.4684,0
24/5/2503,144,12.5698,26.8128,0
25/5/2503,145,15.2138,24.7865,2.0218
26/5/2503,146,15.2975,23.4197,8.7877
27/5/2503,147,16.6853,29.426,0
28/5/2503,148,18.0482,30.1433,0
29/5/2503,149,17.3473,32.1188,0
30/5/2503,150,15.7506,30.0817,0
31/5/2503,151,15.7158,29.6251,0
1/6/2503,152,14.4582,27.32,0
2/6/2503,153,15.0319,28.3459,0
3/6/2503,154,13.2926,26.7644,0
4/6/2503,155,10.3863,24.102,0
5/6/2503,156,11.7419,26.014,0
6/6/2503,157,13.1193,27.368,0
7/6/2503,158,14.0073,27.5294,0
8/6/2503,159,13.3868,21.7258,11.7813
9/6/2503,160,11.9699,24.2655,0
10/6/2503,161,12.0192,24.2295,0
11/6/2503,162,11.4068,23.3863,0
12/6/2503,163,11.7098,23.9313,0
13/6/2503,164,12.2196,23.9547,0
14/6/2503,165,15.243,28.0837,0
15/6/2503,166,13.9874,26.2711,0
16/6/2503,167,13.6833,26.7004,0
17/6/2503,168,13.9994,27.496,0
18/6/2503,169,13.8068,26.5997,0
19/6/2503,170,14.8027,28.5841,0
20/6/2503,171,14.5073,28.1286,0
21/6/2503,172,15.2688,29.2395,0
22/6/2503,173,16.3586,30.3975,0
23/6/2503,174,16.2257,30.5458,0
24/6/2503,175,15.5544,30.6968,0
25/6/2503,176,15.8962,30.6033,0
26/6/2503,177,16.5508,28.6569,0.250001
27/6/2503,178,16.4758,29.4278,0.250001
28/6/2503,179,18.3368,33.4631,0
29/6/2503,180,18.0659,33.8261,0
30/6/2503,181,18.2913,33.6305,0
1/7/2503,182,18.9118,34.7999,0
2/7/2503,183,17.6115,32.3447,0
3/7/2503,184,16.9567,32.3588,0.250001
4/7/2503,185,16.1465,31.4259,0
5/7/2503,186,17.4042,32.2967,0
6/7/2503,187,17.1245,31.8489,0
7/7/2503,188,16.8809,30.6463,0
8/7/2503,189,15.8115,29.2017,0
9/7/2503,190,16.9811,31.3983,0
10/7/2503,191,18.7914,33.6436,0
11/7/2503,192,20.0556,34.0043,0
12/7/2503,193,20.1388,34.3677,0
13/7/2503,194,21.4931,36.2661,0
14/7/2503,195,22.5325,37.7976,0
15/7/2503,196,22.1932,37.1778,0
16/7/2503,197,23.6792,38.9293,0
17/7/2503,198,19.521,33.1807,0.250001
18/7/2503,199,22.3946,38.3438,0
19/7/2503,200,19.3308,32.6324,5.06379
20/7/2503,201,19.674,34.7731,0
21/7/2503,202,20.3061,35.6125,0
22/7/2503,203,20.7339,35.3285,0
23/7/2503,204,18.7723,30.0957,0.250001
24/7/2503,205,21.1399,36.153,0
25/7/2503,206,21.892,36.9264,0
26/7/2503,207,20.1792,34.8955,0
27/7/2503,208,20.8415,35.273,0
28/7/2503,209,20.2017,33.735,17.2814
29/7/2503,210,19.6454,33.106,5.94797
30/7/2503,211,22.1472,38.2961,0
31/7/2503,212,24.1758,39.3492,0
1/8/2503,213,23.7093,40.2172,0
2/8/2503,214,24.3344,39.1283,0
3/8/2503,215,24.0606,39.2455,0
4/8/2503,216,21.295,33.748,1.21995
5/8/2503,217,24.08,38.6977,0
6/8/2503,218,22.0624,36.7821,0
7/8/2503,219,21.9791,37.9612,0
8/8/2503,220,19.8223,29.8192,33.1156
9/8/2503,221,21.7536,36.1251,0
10/8/2503,222,20.0013,34.8887,0
11/8/2503,223,19.3336,35.1862,0
12/8/2503,224,19.6091,34.4008,0
13/8/2503,225,20.4384,35.1152,0
14/8/2503,226,19.2827,32.9794,0
15/8/2503,227,17.5955,31.4863,0
16/8/2503,228,17.4389,30.9471,0
17/8/2503,229,18.1753,30.6956,0
18/8/2503,230,17.5108,31.1233,0
19/8/2503,231,16.1213,30.8521,0
20/8/2503,232,16.6197,30.7621,0
21/8/2503,233,17.6017,31.6264,0
22/8/2503,234,16.46,29.8028,0
23/8/2503,235,15.989,29.0629,0
24/8/2503,236,14.0823,27.2571,0
25/8/2503,237,15.3725,29.1254,0
26/8/2503,238,15.9731,29.0248,0
27/8/2503,239,15.9846,27.8694,0
28/8/2503,240,15.3281,28.3689,0
29/8/2503,241,15.8333,29.5443,0
30/8/2503,242,14.1807,28.1015,0
31/8/2503,243,15.5125,29.3522,0
1/9/2503,244,15.6472,30.265,0
2/9/2503,245,16.1376,27.3579,29.2039
3/9/2503,246,14.108,23.7628,0.766488
4/9/2503,247,14.3515,28.3111,0
5/9/2503,248,14.6415,29.1827,0
6/9/2503,249,12.7021,24.9979,0
7/9/2503,250,10.8786,23.323,0
8/9/2503,251,11.0953,24.8849,0
9/9/2503,252,9.94979,23.1417,0
10/9/2503,253,10.6143,23.6137,0
11/9/2503,254,10.6083,24.5327,0
12/9/2503,255,13.3841,20.5027,4.47814
13/9/2503,256,13.5062,20.6602,8.00983
14/9/2503,257,13.595,19.9833,42.5843
15/9/2503,258,15.4204,22.9339,0.287403
16/9/2503,259,14.9665,28.0767,0
17/9/2503,260,12.9353,25.8614,0
18/9/2503,261,11.798,24.73,0
19/9/2503,262,12.0493,24.7681,0
20/9/2503,263,12.6593,25.6584,0
21/9/2503,264,10.7676,24.0319,0
22/9/2503,265,15.9394,29.024,0
23/9/2503,266,12.5981,26.0913,0
24/9/2503,267,11.3534,24.6401,0
25/9/2503,268,11.8342,25.2941,0
26/9/2503,269,13.5855,26.5475,0
27/9/2503,270,12.817,19.9517,0.414365
28/9/2503,271,8.76939,21.7053,0
29/9/2503,272,11.3757,24.1917,0
30/9/2503,273,10.8584,23.7032,0
1/10/2503,274,11.0795,17.9852,9.32244
2/10/2503,275,9.10526,21.9277,0
3/10/2503,276,8.91847,22.8488,0
4/10/2503,277,7.26301,21.3872,0
5/10/2503,278,7.99692,21.6024,0
6/10/2503,279,6.57939,20.7441,0
7/10/2503,280,8.52606,14.0109,2.41129
8/10/2503,281,7.49102,12.2235,30.1405
9/10/2503,282,6.21334,20.728,0
10/10/2503,283,3.77564,19.5108,0
11/10/2503,284,5.88367,9.20077,0.627635
12/10/2503,285,-0.0554925,16.3043,0
13/10/2503,286,-0.948544,14.7731,0
14/10/2503,287,0.549859,16.5417,0
15/10/2503,288,2.26093,17.089,0
16/10/2503,289,1.00278,16.242,0
17/10/2503,290,2.2768,17.0887,0
18/10/2503,291,0.0448116,13.8052,0
19/10/2503,292,2.34507,16.4108,0
20/10/2503,293,-0.610132,14.9431,0
21/10/2503,294,-0.143305,16.3111,0
22/10/2503,295,-3.59246,13.6327,0
23/10/2503,296,-1.83188,14.5562,0
24/10/2503,297,-1.4998,13.944,0
25/10/2503,298,0.500488,14.0092,0
26/10/2503,299,-1.64034,12.3989,0
27/10/2503,300,1.30519,14.9253,0
28/10/2503,301,1.95388,14.0868,0
29/10/2503,302,6.61876,12.2656,50.151
30/10/2503,303,-0.248085,11.6127,0
31/10/2503,304,3.45875,12.8639,0
1/11/2503,305,7.72228,13.0224,1.84917
2/11/2503,306,4.95586,10.8127,34.8755
3/11/2503,307,6.65554,12.7697,10.7238
4/11/2503,308,2.51848,8.93362,1.50772
5/11/2503,309,-5.59953,7.65249,0
6/11/2503,310,-1.79248,9.84561,0
7/11/2503,311,-2.71506,10.5914,0
8/11/2503,312,0.636013,11.8987,0
9/11/2503,313,-0.994158,10.9857,0
10/11/2503,314,2.54082,12.1369,0
11/11/2503,315,1.95512,12.1686,0
12/11/2503,316,-1.25428,10.6104,0
13/11/2503,317,-4.36905,7.9051,0
14/11/2503,318,3.92074,9.24419,4.86375
15/11/2503,319,2.78141,12.3111,0
16/11/2503,320,3.82904,12.7669,0
17/11/2503,321,4.06241,11.9666,0
18/11/2503,322,1.96227,10.2957,0
19/11/2503,323,1.59035,11.6107,0
20/11/2503,324,4.01398,13.1516,0
21/11/2503,325,2.62206,13.0129,0
22/11/2503,326,0.875003,10.1485,0
23/11/2503,327,6.70322,12.1012,9.95366
24/11/2503,328,4.15559,13.4819,0
25/11/2503,329,2.17771,9.9705,0
26/11/2503,330,6.65625,11.4476,19.2021
27/11/2503,331,4.76345,13.0691,0
28/11/2503,332,0.641914,9.91217,0
29/11/2503,333,5.57997,9.42272,0.250001
30/11/2503,334,8.43073,10.6143,0.428925
1/12/2503,335,7.4097,10.1529,0.250001
2/12/2503,336,4.974,10.8231,0
3/12/2503,337,6.62113,11.352,0
4/12/2503,338,8.15829,12.7202,0
5/12/2503,339,7.13607,12.4452,0
6/12/2503,340,4.98646,10.0522,0
7/12/2503,341,3.93075,9.46744,0
8/12/2503,342,2.20953,7.21372,0
9/12/2503,343,2.22691,8.06256,0
10/12/2503,344,1.69264,8.65092,0
11/12/2503,345,1.51875,8.23864,0
12/12/2503,346,2.13641,8.54082,0
13/12/2503,347,2.39161,9.99907,0
14/12/2503,348,-0.727854,6.93949,0
15/12/2503,349,-0.355051,6.81561,0
16/12/2503,350,-1.08307,6.24528,0
17/12/2503,351,0.893544,4.97374,2.08151
18/12/2503,352,-2.15245,5.39596,0
19/12/2503,353,-5.41169,1.6472,0
20/12/2503,354,-4.35833,2.17757,0
21/12/2503,355,-3.42285,3.10901,0
22/12/2503,356,-2.0109,4.53095,0
23/12/2503,357,-1.60074,5.43497,0
24/12/2503,358,-2.48766,4.76602,0
25/12/2503,359,-2.41629,4.64588,0
26/12/2503,360,-3.33893,3.15149,0
27/12/2503,361,-0.61923,5.91039,0
28/12/2503,362,0.587441,7.29783,0
29/12/2503,363,0.0722458,6.52774,0
30/12/2503,364,-1.28878,5.22993,0
31/12/2503,365,-3.00721,3.69841,0
1/1/2504,1,-3.5886,2.84153,0
2/1/2504,2,-3.25977,3.52121,0
3/1/2504,3,-3.32444,2.70001,0
4/1/2504,4,-2.26949,4.47639,0
5/1/2504,5,-2.61344,3.87011,0
6/1/2504,6,-0.788383,6.91293,0
7/1/2504,7,-1.72241,5.98877,0
8/1/2504,8,-5.17104,2.37372,0
9/1/2504,9,-6.62862,0.526946,0
10/1/2504,10,-0.813136,5.5857,2.36605
11/1/2504,11,-3.85286,3.85773,0
12/1/2504,12,-1.29413,6.47277,0
13/1/2504,13,-4.13477,3.38897,0
14/1/2504,14,-5.35258,2.38335,0
15/1/2504,15,-4.02539,3.57199,0
16/1/2504,16,-3.10123,4.42466,0
17/1/2504,17,-2.95769,4.50179,0
18/1/2504,18,0.381682,8.14447,0
19/1/2504,19,0.124008,7.81898,0
20/1/2504,20,1.47243,9.35456,0
21/1/2504,21,3.72617,11.5922,0
22/1/2504,22,3.57108,11.5171,0
23/1/2504,23,1.5443,9.19173,0
24/1/2504,24,-2.74249,4.94798,0
25/1/2504,25,-3.73144,3.99813,0
26/1/2504,26,-6.7422,1.7544,0
27/1/2504,27,-0.925922,4.65522,5.16875
28/1/2504,28,-5.08802,4.55425,0
29/1/2504,29,-6.5813,3.08545,0
30/1/2504,30,-4.28227,5.23229,0
31/1/2504,31,-5.21523,4.1192,0
1/2/2504,32,-2.95187,6.28194,0
2/2/2504,33,-4.79993,4.93169,0
3/2/2504,34,-1.16673,4.91457,4.63201
4/2/2504,35,-0.901523,4.90788,24.6821
5/2/2504,36,0.261068,5.60218,1.27746
6/2/2504,37,-6.18691,3.43174,0
7/2/2504,38,0.636129,5.74458,2.29329
8/2/2504,39,0.104822,5.46205,20.8301
9/2/2504,40,-2.72083,7.09133,0
10/2/2504,41,-3.51809,6.9744,0
11/2/2504,42,-3.66528,7.31701,0
12/2/2504,43,3.75828,9.62902,6.16775
13/2/2504,44,0.834992,11.7543,0
14/2/2504,45,1.19537,11.6806,0
15/2/2504,46,3.04774,8.87116,1.20586
16/2/2504,47,4.22272,10.2918,0.767491
17/2/2504,48,0.746672,13.1042,0
18/2/2504,49,3.04995,11.1192,28.7835
19/2/2504,50,-0.335263,12.2346,0
20/2/2504,51,-0.349949,9.93982,0
21/2/2504,52,-1.01876,8.9247,0
22/2/2504,53,-0.449502,10.3423,0
23/2/2504,54,-0.725876,9.18077,0
24/2/2504,55,-0.267342,9.45404,0
25/2/2504,56,-0.502775,10.2063,0
26/2/2504,57,-0.916445,11.1862,0
27/2/2504,58,0.983599,4.52087,24.9704
28/2/2504,59,0.966382,4.49922,6.10571
1/3/2504,60,-1.70164,10.2815,0
2/3/2504,61,2.14904,8.72275,13.6686
3/3/2504,62,0.0967674,13.1769,0
4/3/2504,63,0.08418,12.6525,0
5/3/2504,64,-1.24187,9.72287,0
6/3/2504,65,-1.52807,8.60832,0
7/3/2504,66,2.25865,5.80228,4.38145
8/3/2504,67,-1.03372,9.80659,0
9/3/2504,68,-2.47703,10.6362,0
10/3/2504,69,-2.71551,10.625,0
11/3/2504,70,-0.844604,12.9943,0
12/3/2504,71,-0.248691,11.8703,0
13/3/2504,72,0.814092,13.5575,0
14/3/2504,73,0.528249,13.4707,0
15/3/2504,74,0.307791,10.7877,0
16/3/2504,75,0.981053,10.4493,0
17/3/2504,76,4.82707,7.68582,0.281619
18/3/2504,77,2.83239,14.2109,0
19/3/2504,78,4.1275,16.8149,0
20/3/2504,79,5.63651,18.287,0
21/3/2504,80,5.01513,17.7958,0
22/3/2504,81,3.97621,9.15252,5.97428
23/3/2504,82,4.0979,10.2095,25.6729
24/3/2504,83,3.74511,15.679,0
25/3/2504,84,5.29831,8.94083,0.482254
26/3/2504,85,3.24394,15.0883,0
27/3/2504,86,5.71711,17.0545,0
28/3/2504,87,4.73642,15.7991,0
29/3/2504,88,3.6747,14.9795,0
30/3/2504,89,7.15188,12.0981,0.796384
31/3/2504,90,5.73196,18.7312,0
1/4/2504,91,7.97007,21.9155,0
2/4/2504,92,7.24397,18.9886,0
3/4/2504,93,6.86725,13.206,0.257373
4/4/2504,94,5.4544,17.7691,0
5/4/2504,95,5.42703,19.0063,0
6/4/2504,96,5.07621,8.5116,2.74007
7/4/2504,97,2.5105,15.0407,0
8/4/2504,98,5.30657,11.4661,2.02744
9/4/2504,99,4.33498,8.85681,19.4519
10/4/2504,100,5.73058,11.4039,3.51498
11/4/2504,101,1.64395,14.5787,0
12/4/2504,102,4.92052,13.0754,5.54205
13/4/2504,103,2.56085,16.0572,0
14/4/2504,104,2.20776,15.3915,0
15/4/2504,105,4.30479,18.9059,0
16/4/2504,106,2.81606,16.6603,0
17/4/2504,107,3.56923,18.0896,0
18/4/2504,108,6.1281,14.9376,9.98256
19/4/2504,109,6.82666,16.5371,28.2333
20/4/2504,110,6.17715,15.8154,0.250001
21/4/2504,111,3.69784,18.3088,0
22/4/2504,112,5.01048,19.1604,0
23/4/2504,113,5.7887,20.1917,0
24/4/2504,114,5.19766,19.3888,0
25/4/2504,115,4.48978,18.9556,0
26/4/2504,116,5.42473,18.1664,0
27/4/2504,117,7.049,20.6193,0
28/4/2504,118,5.20333,19.0456,0
29/4/2504,119,5.23407,19.0521,0
30/4/2504,120,6.36854,20.562,0
1/5/2504,121,8.08763,17.6192,0.791626
2/5/2504,122,8.11654,14.9931,3.08794
3/5/2504,123,9.66125,16.7939,43.4393
4/5/2504,124,8.70928,21.3551,0
5/5/2504,125,8.9821,20.9484,0
6/5/2504,126,9.49031,16.1366,0.874598
7/5/2504,127,7.86864,20.8508,0
8/5/2504,128,7.56108,20.0493,0
9/5/2504,129,6.00585,19.9501,0
10/5/2504,130,8.94022,24.2733,0
11/5/2504,131,10.1524,24.2962,0
12/5/2504,132,11.808,20.0324,0.262552
13/5/2504,133,10.1777,25.1776,0
14/5/2504,134,10.57,25.8542,0
15/5/2504,135,9.78726,25.121,0
16/5/2504,136,9.89042,26.0236,0
17/5/2504,137,10.3478,25.8266,0
18/5/2504,138,9.14062,23.4602,0
19/5/2504,139,10.506,23.9639,0
20/5/2504,140,11.0827,24.6976,0
21/5/2504,141,10.1724,23.6692,0
22/5/2504,142,11.538,25.7658,0
23/5/2504,143,11.297,26.0348,0
24/5/2504,144,10.0263,24.8957,0
25/5/2504,145,8.20001,24.1345,0
26/5/2504,146,8.72496,19.5879,1.79277
27/5/2504,147,7.67675,22.1388,0
28/5/2504,148,9.71678,23.4319,0
29/5/2504,149,10.168,23.4112,0
30/5/2504,150,10.2481,24.6933,0
31/5/2504,151,9.034,23.1504,0
1/6/2504,152,10.101,23.8014,0
2/6/2504,153,9.35773,21.3807,0
3/6/2504,154,11.4123,24.0808,0
4/6/2504,155,12.8284,22.7198,0.250001
5/6/2504,156,13.6557,28.1088,0
6/6/2504,157,14.6237,29.3497,0
7/6/2504,158,15.7894,25.159,22.3699
8/6/2504,159,15.6966,25.0322,0.380465
9/6/2504,160,15.4619,27.9907,0.513038
10/6/2504,161,14.7926,24.5724,1.9724
11/6/2504,162,14.5439,27.5087,0
12/6/2504,163,13.4411,25.2544,0
13/6/2504,164,13.2575,20.5541,0.250001
14/6/2504,165,13.9818,22.1237,0.980085
15/6/2504,166,13.1638,26.6716,0
16/6/2504,167,14.3517,27.2782,0
17/6/2504,168,13.4668,22.4238,42.3438
18/6/2504,169,13.4624,25.8724,0
19/6/2504,170,15.8287,28.0174,0
20/6/2504,171,17.1324,30.2769,0
21/6/2504,172,16.8592,30.6861,0
22/6/2504,173,17.3159,31.7253,0
23/6/2504,174,16.2759,29.8847,30.5235
24/6/2504,175,16.0557,30.0594,3.38302
25/6/2504,176,16.0262,29.2657,0.250001
26/6/2504,177,14.74,27.5313,4.1931
27/6/2504,178,16.1302,29.601,0.26285
28/6/2504,179,18.3353,32.9474,0
29/6/2504,180,18.3872,33.0637,0
30/6/2504,181,18.006,32.2113,0
1/7/2504,182,18.2221,32.6705,0
2/7/2504,183,16.1428,29.6623,0
3/7/2504,184,16.371,24.7233,7.72902
4/7/2504,185,16.3928,30.3745,0
5/7/2504,186,15.4673,28.7245,0
6/7/2504,187,13.8385,28.0416,0
7/7/2504,188,12.4955,26.3194,0
8/7/2504,189,10.5683,24.0383,0
9/7/2504,190,10.6832,22.8429,0
10/7/2504,191,13.8607,18.3266,13.6233
11/7/2504,192,10.9434,23.8359,0
12/7/2504,193,10.4528,22.7518,0
13/7/2504,194,11.7969,24.3491,0
14/7/2504,195,13.8561,26.4838,0
15/7/2504,196,15.9262,22.4607,19.9805
16/7/2504,197,14.3418,27.7616,0
17/7/2504,198,15.0901,28.0895,0
18/7/2504,199,15.7616,25.41,1.50302
19/7/2504,200,14.8875,28.5571,0
20/7/2504,201,15.0951,28.0575,0
21/7/2504,202,15.9616,28.7012,0
22/7/2504,203,16.5072,30.3372,0
23/7/2504,204,18.253,31.9774,0
24/7/2504,205,17.8157,32.3727,0
25/7/2504,206,18.5202,31.4928,0
26/7/2504,207,18.5737,26.2149,42.0246
27/7/2504,208,21.2727,34.8965,0
28/7/2504,209,21.1992,35.6766,0
29/7/2504,210,20.0182,35.0857,0
30/7/2504,211,18.4769,35.218,0
31/7/2504,212,17.7933,33.9169,0
1/8/2504,213,16.4347,32.5379,0
2/8/2504,214,17.4862,32.3553,0
3/8/2504,215,15.8273,29.5515,0
4/8/2504,216,15.9035,29.2586,0
5/8/2504,217,16.092,26.0629,26.8934
6/8/2504,218,16.6297,26.6029,0.250001
7/8/2504,219,16.4614,29.4843,0
8/8/2504,220,14.4751,28.0609,0
9/8/2504,221,15.7476,29.3744,0
10/8/2504,222,15.9768,29.0191,0
11/8/2504,223,16.0379,22.4947,8.63407
12/8/2504,224,14.9252,25.7979,0
13/8/2504,225,13.1714,24.7966,0
14/8/2504,226,14.6912,22.9308,0.473806
15/8/2504,227,12.752,24.045,0
16/8/2504,228,15.6996,28.8378,0
17/8/2504,229,15.7009,27.966,0
18/8/2504,230,15.1816,28.1781,0
19/8/2504,231,16.3647,24.7679,0.250001
20/8/2504,232,15.4292,25.3294,0.250001
21/8/2504,233,14.423,28.265,0
22/8/2504,234,13.8705,26.9054,0
23/8/2504,235,11.134,22.5974,0
24/8/2504,236,14.5602,17.7661,19.1424
25/8/2504,237,12.0211,23.356,0
26/8/2504,238,11.7029,24.2473,0
27/8/2504,239,12.324,24.1407,0
28/8/2504,240,11.3689,23.1589,0
29/8/2504,241,13.6298,26.7478,0
30/8/2504,242,14.8083,27.3222,0
31/8/2504,243,15.0617,27.0942,0
1/9/2504,244,16.6773,24.4881,0.425632
2/9/2504,245,15.8154,23.812,13.2519
3/9/2504,246,16.2292,25.1191,8.36937
4/9/2504,247,16.2474,30.4834,0
5/9/2504,248,15.7702,30.9243,0
6/9/2504,249,13.3629,28.4684,0
7/9/2504,250,13.7241,28.5683,0
8/9/2504,251,12.2479,26.6258,0
9/9/2504,252,10.9326,24.9517,0
10/9/2504,253,12.5574,26.404,0
11/9/2504,254,10.7073,23.729,0
12/9/2504,255,13.0815,20.946,0.359694
13/9/2504,256,13.0041,18.7769,0.250001
14/9/2504,257,10.047,21.4971,0
15/9/2504,258,8.27701,20.2123,0
16/9/2504,259,10.6719,15.2295,3.73871
17/9/2504,260,10.1023,17.6685,0.250001
18/9/2504,261,5.29842,18.8264,0
19/9/2504,262,6.02425,18.9642,0
20/9/2504,263,10.0564,16.9111,17.6331
21/9/2504,264,10.6209,24.0746,0
22/9/2504,265,12.8694,17.9977,0.250001
23/9/2504,266,9.92217,23.3172,0
24/9/2504,267,12.0396,25.1518,0
25/9/2504,268,12.1168,25.1971,0
26/9/2504,269,10.6983,23.811,0
27/9/2504,270,9.75704,22.453,0
28/9/2504,271,11.9624,23.8779,0
29/9/2504,272,12.1119,23.6607,0
30/9/2504,273,14.1213,25.2069,0
1/10/2504,274,14.1808,21.6054,6.37283
2/10/2504,275,13.5206,20.8878,1.67542
3/10/2504,276,13.7414,19.8956,1.59288
4/10/2504,277,13.3224,19.2156,3.88131
5/10/2504,278,14.2765,21.2442,0.706548
6/10/2504,279,15.2484,22.5844,19.7816
7/10/2504,280,14.729,23.0639,13.6653
8/10/2504,281,15.3649,25.2187,0
9/10/2504,282,11.9638,22.4373,0
10/10/2504,283,10.3218,21.1246,0
11/10/2504,284,11.2904,21.8605,0
12/10/2504,285,9.56176,21.3113,0
13/10/2504,286,8.79136,21.0041,0
14/10/2504,287,8.60562,20.6145,0
15/10/2504,288,5.526,17.9337,0
16/10/2504,289,7.70797,19.9767,0
17/10/2504,290,12.6885,19.73,6.80686
18/10/2504,291,15.746,24.0397,0
19/10/2504,292,13.8379,22.441,0
20/10/2504,293,14.2711,22.576,0
21/10/2504,294,12.8334,23.2791,0
22/10/2504,295,9.4049,16.2399,13.6818
23/10/2504,296,8.79026,15.1771,2.86454
24/10/2504,297,7.80819,18.9283,0
25/10/2504,298,3.61609,16.2547,0
26/10/2504,299,2.47033,14.8361,0
27/10/2504,300,3.50113,15.8245,0
28/10/2504,301,10.3612,15.8707,97.1663
29/10/2504,302,7.83014,13.4511,6.99047
30/10/2504,303,4.12106,15.4582,0
31/10/2504,304,5.01182,16.2997,0
1/11/2504,305,1.62881,15.0506,0
2/11/2504,306,4.99815,16.7435,0
3/11/2504,307,7.47918,17.2677,0
4/11/2504,308,8.43487,15.8572,0
5/11/2504,309,10.5963,15.1113,3.74077
6/11/2504,310,7.13826,16.2486,0
7/11/2504,311,8.41564,13.688,5.46196
8/11/2504,312,4.77404,10.3011,21.7485
9/11/2504,313,-1.84232,9.96536,0
10/11/2504,314,0.168071,11.3051,0
11/11/2504,315,6.31836,14.6024,0
12/11/2504,316,2.52368,11.4053,0
13/11/2504,317,5.05609,12.2232,0
14/11/2504,318,6.68629,12.7476,0
15/11/2504,319,7.25278,12.8103,0
16/11/2504,320,7.14465,13.0891,0
17/11/2504,321,7.55305,12.1097,0.250001
18/11/2504,322,6.53787,11.7029,0.250001
19/11/2504,323,5.37843,11.1758,0.862035
20/11/2504,324,1.23712,12.4776,0
21/11/2504,325,-0.94846,10.4735,0
22/11/2504,326,-2.01118,8.16829,0
23/11/2504,327,-4.06969,6.28441,0
24/11/2504,328,-5.44948,6.34659,0
25/11/2504,329,-8.47567,3.50316,0
26/11/2504,330,-1.2899,5.39149,16.4699
27/11/2504,331,2.09461,8.36661,7.32718
28/11/2504,332,-2.3166,8.198,0
29/11/2504,333,4.13161,12.5368,0
30/11/2504,334,3.18682,10.7556,0
1/12/2504,335,1.4513,9.65944,0
2/12/2504,336,0.832461,9.40414,0
3/12/2504,337,0.831571,6.8736,6.23556
4/12/2504,338,-0.221882,5.14758,4.38516
5/12/2504,339,-0.530505,6.17721,0.250001
6/12/2504,340,1.08233,7.83893,0.5237
7/12/2504,341,0.58671,9.22986,0
8/12/2504,342,-1.48338,8.20566,0
9/12/2504,343,2.06223,10.4934,0
10/12/2504,344,3.3861,12.4785,0
11/12/2504,345,-2.08346,6.98316,0
12/12/2504,346,-3.54738,3.56204,0.250001
13/12/2504,347,-6.0071,2.27666,0
14/12/2504,348,-5.3093,3.13646,0
15/12/2504,349,-5.67803,2.4377,0
16/12/2504,350,-3.6022,4.32333,0
17/12/2504,351,-2.06099,4.98346,0
18/12/2504,352,-0.851644,6.32372,0
19/12/2504,353,-2.48559,4.59108,0
20/12/2504,354,-1.72263,5.34286,0
21/12/2504,355,4.04134,7.54628,2.63585
22/12/2504,356,-0.724143,6.62655,0
23/12/2504,357,-3.19968,4.55537,0
24/12/2504,358,1.38281,6.53583,23.9358
25/12/2504,359,-0.722033,4.83774,20.6136
26/12/2504,360,-0.216899,4.52344,1.50924
27/12/2504,361,-3.34021,3.24144,0
28/12/2504,362,-1.86654,4.16773,0
29/12/2504,363,-2.86442,4.28774,0
30/12/2504,364,-2.57299,4.2013,0
31/12/2504,365,-3.86588,3.1884,0
1/1/2505,1,-4.74019,2.61798,0
2/1/2505,2,-4.62763,2.18585,0
3/1/2505,3,-1.09654,4.04647,0.421045
4/1/2505,4,-2.51977,4.82727,0
5/1/2505,5,0.493167,7.77791,0
6/1/2505,6,-1.48681,6.61134,0
7/1/2505,7,-2.4795,5.08111,0
8/1/2505,8,-0.50993,4.92432,20.5342
9/1/2505,9,-6.87184,0.578375,0
10/1/2505,10,-3.86424,3.69108,0
11/1/2505,11,-4.78971,3.22508,0
12/1/2505,12,-5.13265,2.45445,0
13/1/2505,13,-4.77112,3.40415,0
14/1/2505,14,2.15855,7.96767,1.47387
15/1/2505,15,-2.41102,3.8978,15.3448
16/1/2505,16,-2.10089,4.85422,2.50124
17/1/2505,17,-2.89568,4.42564,0.250001
18/1/2505,18,-1.89079,3.69939,1.67307
19/1/2505,19,-5.60161,2.53021,0
20/1/2505,20,-6.59777,1.25895,0
21/1/2505,21,-6.58798,1.09416,0
22/1/2505,22,0.650504,8.35267,0
23/1/2505,23,-0.1122,7.87467,0
24/1/2505,24,-0.294451,7.52458,0
25/1/2505,25,1.32574,9.11983,0
26/1/2505,26,4.62671,12.8404,0
27/1/2505,27,4.24111,12.2126,0
28/1/2505,28,3.26372,11.2656,0
29/1/2505,29,2.91728,10.9646,0
30/1/2505,30,-0.159351,8.08228,0
31/1/2505,31,-2.59252,6.42378,0
1/2/2505,32,0.890502,9.68191,0
2/2/2505,33,-0.635728,8.24878,0
3/2/2505,34,2.26712,11.3826,0
4/2/2505,35,1.06792,10.4085,0
5/2/2505,36,0.382373,9.6262,0
6/2/2505,37,5.02296,10.0391,0.330897
7/2/2505,38,2.18743,11.8329,0
8/2/2505,39,-1.77228,8.17689,0
9/2/2505,40,-2.58287,7.60013,0
10/2/2505,41,-2.90941,8.03754,0
11/2/2505,42,-0.638116,10.4343,0
12/2/2505,43,-2.20233,8.24082,0
13/2/2505,44,-1.26244,9.75893,0
14/2/2505,45,-1.87979,9.19527,0
15/2/2505,46,0.978798,6.46691,0.329321
16/2/2505,47,-3.73173,7.10248,0
17/2/2505,48,-4.27451,6.46642,0
18/2/2505,49,-0.801091,3.50262,11.5837
19/2/2505,50,-2.28328,1.7856,5.16987
20/2/2505,51,-0.328123,2.98854,0.322783
21/2/2505,52,1.0283,5.21594,0.629011
22/2/2505,53,-2.08234,7.2909,0
23/2/2505,54,-2.93625,5.68128,0
24/2/2505,55,-2.99343,4.54081,0
25/2/2505,56,1.33939,3.08058,9.64568
26/2/2505,57,2.20504,6.52938,31.9163
27/2/2505,58,0.235391,12.6412,0
28/2/2505,59,-0.312682,12.139,0
1/3/2505,60,-0.950397,11.651,0
2/3/2505,61,-0.876023,10.5623,0
3/3/2505,62,0.193838,10.6601,0
4/3/2505,63,0.248508,10.9566,0
5/3/2505,64,-0.799592,9.83103,0
6/3/2505,65,-0.972866,10.5516,0
7/3/2505,66,0.69532,11.2763,0
8/3/2505,67,5.03262,9.12948,0.29344
9/3/2505,68,5.4927,11.0611,0.920254
10/3/2505,69,3.73855,8.70123,0.332016
11/3/2505,70,1.92925,13.5439,0
12/3/2505,71,0.57112,11.2181,0
13/3/2505,72,0.316912,12.051,0
14/3/2505,73,1.59075,4.88468,2.51998
15/3/2505,74,3.32292,9.14415,24.0669
16/3/2505,75,2.21937,17.4191,0
17/3/2505,76,3.52267,16.737,0
18/3/2505,77,1.27064,14.8526,0
19/3/2505,78,1.73464,5.99876,7.56519
20/3/2505,79,2.35111,9.62928,62.9195
21/3/2505,80,1.2181,14.9376,0
22/3/2505,81,0.599696,15.0927,0
23/3/2505,82,0.930273,15.4554,0
24/3/2505,83,0.762848,13.4481,0
25/3/2505,84,2.36119,15.3305,0
26/3/2505,85,0.889961,14.7239,0
27/3/2505,86,2.43578,13.7207,0
28/3/2505,87,1.26903,13.9329,0
29/3/2505,88,1.61151,14.831,0
30/3/2505,89,1.69914,14.301,0
31/3/2505,90,0.68865,12.5698,0
1/4/2505,91,0.448759,13.7607,0
2/4/2505,92,-0.332528,10.9053,0
3/4/2505,93,3.04178,7.98465,3.77074
4/4/2505,94,2.89209,6.41247,0.258733
5/4/2505,95,3.60162,6.85556,11.8344
6/4/2505,96,-0.458682,11.3125,0
7/4/2505,97,1.0429,12.3565,0
8/4/2505,98,5.1639,10.9329,0.25
9/4/2505,99,4.54927,10.5436,17.454
10/4/2505,100,0.379638,13.366,0
11/4/2505,101,1.40666,13.1215,0
12/4/2505,102,3.19387,16.0982,0
13/4/2505,103,2.27925,14.954,0
14/4/2505,104,4.65314,11.6252,0.360324
15/4/2505,105,-0.721897,11.5934,0
16/4/2505,106,4.31578,9.24966,0.250001
17/4/2505,107,3.33756,8.11514,0.250001
18/4/2505,108,2.22344,13.7125,0
19/4/2505,109,2.25471,12.6594,0
20/4/2505,110,1.81974,12.6162,0
21/4/2505,111,5.17503,10.4486,0.910209
22/4/2505,112,6.04717,10.8855,6.75556
23/4/2505,113,5.81106,10.7042,1.57429
24/4/2505,114,6.81442,14.5188,4.75112
25/4/2505,115,5.0465,18.2923,0
26/4/2505,116,6.69868,19.6367,0
27/4/2505,117,6.7578,20.9124,0
28/4/2505,118,5.46809,19.5112,0
29/4/2505,119,7.58808,21.8033,0
30/4/2505,120,8.33591,17.7225,3.62595
1/5/2505,121,9.21478,23.0961,0
2/5/2505,122,8.99257,22.3455,0
3/5/2505,123,10.2167,23.3387,0
4/5/2505,124,11.1861,24.9569,0
5/5/2505,125,12.1173,22.107,27.0645
6/5/2505,126,11.4404,26.9096,0
7/5/2505,127,12.4647,26.7356,0
8/5/2505,128,11.1953,26.9024,0
9/5/2505,129,11.2105,26.0731,0
10/5/2505,130,11.5711,22.6335,1.94302
11/5/2505,131,11.5288,25.9668,0
12/5/2505,132,13.3842,22.5016,11.9196
13/5/2505,133,11.9885,26.0079,0
14/5/2505,134,11.5484,25.8698,0
15/5/2505,135,11.5925,25.0332,0
16/5/2505,136,14.3503,28.9935,0
17/5/2505,137,14.3394,28.534,0
18/5/2505,138,15.6428,25.9171,3.865
19/5/2505,139,16.06,31.9124,0
20/5/2505,140,16.6408,31.2529,0
21/5/2505,141,14.2188,24.1119,0.703693
22/5/2505,142,15.8417,31.1989,0
23/5/2505,143,13.8353,28.9189,0
24/5/2505,144,13.9215,24.6142,9.39845
25/5/2505,145,13.519,27.0767,0
26/5/2505,146,14.7752,27.4573,0
27/5/2505,147,12.328,26.6346,0
28/5/2505,148,14.7136,29.0461,0
29/5/2505,149,13.8894,27.9148,0
30/5/2505,150,15.1094,28.1655,0
31/5/2505,151,14.5912,28.9552,0
1/6/2505,152,13.3425,27.9582,0
2/6/2505,153,13.1765,26.9196,0
3/6/2505,154,14.5247,25.981,1.03382
4/6/2505,155,14.1009,25.6301,1.03874
5/6/2505,156,14.7903,30.7271,0
6/6/2505,157,15.7203,28.9143,0.401143
7/6/2505,158,16.2353,28.8694,1.28315
8/6/2505,159,16.6691,27.8396,5.77359
9/6/2505,160,18.3018,30.1808,0.383029
10/6/2505,161,16.7034,32.6313,0
11/6/2505,162,16.9065,34.1348,0
12/6/2505,163,17.7096,34.5745,0
13/6/2505,164,18.3283,35.345,0
14/6/2505,165,17.7395,34.3785,0
15/6/2505,166,17.0211,32.0255,0
16/6/2505,167,17.3733,31.6719,0
17/6/2505,168,17.7966,31.2316,0
18/6/2505,169,16.991,32.1612,0
19/6/2505,170,16.0051,30.455,0
20/6/2505,171,15.982,30.4139,0
21/6/2505,172,14.7944,29.0651,0
22/6/2505,173,15.4349,29.8998,0
23/6/2505,174,16.4341,30.4413,0
24/6/2505,175,16.4565,26.5855,14.3187
25/6/2505,176,17.5292,31.9667,0
26/6/2505,177,18.4157,32.3744,0
27/6/2505,178,17.9307,32.0388,0
28/6/2505,179,16.384,24.6552,8.4764
29/6/2505,180,14.6825,28.6917,0
30/6/2505,181,14.3057,27.9722,0
1/7/2505,182,15.4353,30.0635,0
2/7/2505,183,15.3915,26.8129,0.403562
3/7/2505,184,17.2051,31.77,0
4/7/2505,185,15.5472,30.1691,0
5/7/2505,186,16.4498,31.4213,0
6/7/2505,187,14.6897,29.713,0
7/7/2505,188,16.5855,32.0904,0
8/7/2505,189,16.2721,31.7985,0
9/7/2505,190,15.7068,31.263,0
10/7/2505,191,15.7502,28.9848,12.1536
11/7/2505,192,16.5678,31.2573,0
12/7/2505,193,16.2415,30.6249,0
13/7/2505,194,18.8859,33.7516,0
14/7/2505,195,18.1881,32.7924,0
15/7/2505,196,19.0893,33.4682,0
16/7/2505,197,17.8576,27.5313,7.8592
17/7/2505,198,17.3987,31.7226,0
18/7/2505,199,16.9756,31.6455,0
19/7/2505,200,17.6426,33,0
20/7/2505,201,19.0059,34.3803,0
21/7/2505,202,18.0319,33.5175,0
22/7/2505,203,18.6157,33.988,0
23/7/2505,204,17.7022,29.9008,7.4584
24/7/2505,205,17.7691,31.6807,0
25/7/2505,206,18.6457,32.283,0
26/7/2505,207,18.443,31.6921,0
27/7/2505,208,17.7857,31.5937,0
28/7/2505,209,17.5767,32.3612,0
29/7/2505,210,17.4272,33.0904,0
30/7/2505,211,16.6137,30.3879,0
31/7/2505,212,17.2576,31.4721,0
1/8/2505,213,17.6912,31.489,0
2/8/2505,214,17.5643,31.675,0
3/8/2505,215,17.2943,29.8846,0
4/8/2505,216,16.6469,29.7131,0
5/8/2505,217,17.0811,31.0048,0
6/8/2505,218,18.5629,32.5727,0
7/8/2505,219,18.402,30.8811,0.250001
8/8/2505,220,19.3985,34.591,0
9/8/2505,221,19.4683,34.2632,0
10/8/2505,222,18.249,32.7615,0
11/8/2505,223,16.2894,30.2767,0
12/8/2505,224,16.4742,31.3767,0
13/8/2505,225,14.0392,28.2257,0
14/8/2505,226,11.9783,26.117,0
15/8/2505,227,14.8417,29.6808,0
16/8/2505,228,17.9561,31.6978,0
17/8/2505,229,19.6744,34.7982,0
18/8/2505,230,20.5766,36.4499,0
19/8/2505,231,20.8662,36.2002,0
20/8/2505,232,18.7532,30.649,19.6776
21/8/2505,233,18.775,29.6295,23.1082
22/8/2505,234,17.9005,29.291,0.855269
23/8/2505,235,18.0533,30.5496,0
24/8/2505,236,17.8692,30.7414,0
25/8/2505,237,17.5948,31.5206,0
26/8/2505,238,16.4366,32.405,0
27/8/2505,239,16.9816,28.9838,23.6964
28/8/2505,240,17.6041,29.9695,0.250001
29/8/2505,241,17.3542,30.3809,3.77016
30/8/2505,242,18.5526,29.2033,2.7158
31/8/2505,243,17.8659,32.8542,0
1/9/2505,244,16.2553,29.5612,0
2/9/2505,245,17.0038,26.6192,0.250001
3/9/2505,246,17.1906,30.9104,0
4/9/2505,247,15.5708,29.1871,0
5/9/2505,248,16.0403,28.9489,0
6/9/2505,249,12.7225,25.8731,0
7/9/2505,250,13.7356,27.4014,0
8/9/2505,251,14.1604,28.3871,0
9/9/2505,252,15.2706,29.0505,0
10/9/2505,253,15.3765,23.9104,0.780196
11/9/2505,254,15.0843,23.4885,4.23928
12/9/2505,255,16.6608,24.4238,0.250001
13/9/2505,256,15.5178,29.346,0
14/9/2505,257,16.1263,27.7044,0.487288
15/9/2505,258,17.7823,33.0301,0
16/9/2505,259,16.6892,31.5515,0
17/9/2505,260,17.3584,32.3864,0
18/9/2505,261,18.4538,30.7374,0.25
19/9/2505,262,17.0428,29.1269,22.5649
20/9/2505,263,16.5987,30.3474,0
21/9/2505,264,15.2953,28.4347,0
22/9/2505,265,16.4032,24.1541,0.438164
23/9/2505,266,16.4571,24.7847,22.0855
24/9/2505,267,17.4789,28.1386,21.8097
25/9/2505,268,17.0392,26.7765,3.29579
26/9/2505,269,14.6813,26.9801,0
27/9/2505,270,13.0753,25.2922,0
28/9/2505,271,13.0313,24.7439,0
29/9/2505,272,12.1538,23.7674,0
30/9/2505,273,13.5716,25.2494,0
1/10/2505,274,14.105,25.3558,0
2/10/2505,275,13.8821,24.5466,0
3/10/2505,276,15.4194,23.6516,4.19776
4/10/2505,277,12.2589,22.0233,0
5/10/2505,278,11.2924,21.8603,0
6/10/2505,279,15.4622,26.2578,0
7/10/2505,280,15.6825,26.968,0
8/10/2505,281,14.8226,26.6446,0
9/10/2505,282,11.8976,24.0905,0
10/10/2505,283,10.5509,22.9346,0
11/10/2505,284,9.68684,20.8546,0
12/10/2505,285,11.3715,22.0919,0
13/10/2505,286,11.1175,22.7471,0
14/10/2505,287,7.50802,20.644,0
15/10/2505,288,8.30515,19.531,0
16/10/2505,289,6.65083,17.7442,0
17/10/2505,290,4.41682,16.2328,0
18/10/2505,291,10.6187,16.1475,0.851707
19/10/2505,292,10.1891,21.1365,0
20/10/2505,293,12.0103,23.0042,0
21/10/2505,294,10.092,20.7873,0
22/10/2505,295,7.5141,18.0724,0
23/10/2505,296,10.0158,20.1716,0
24/10/2505,297,9.46796,17.6358,0
25/10/2505,298,10.9735,19.1192,0
26/10/2505,299,9.89235,18.1255,0
27/10/2505,300,11.5171,18.9174,0
28/10/2505,301,12.6837,18.5953,0
29/10/2505,302,10.9161,15.6009,0.726258
30/10/2505,303,11.1455,17.2711,0
31/10/2505,304,10.3722,17.7002,0
1/11/2505,305,12.2441,20.8339,0
2/11/2505,306,9.32246,16.6817,0
3/11/2505,307,12.3482,15.9375,10.0395
4/11/2505,308,13.958,17.4594,14.0194
5/11/2505,309,13.5619,19.3598,0
6/11/2505,310,13.8556,20.0639,0
7/11/2505,311,8.65875,18.0069,0
8/11/2505,312,9.55402,18.3772,0
9/11/2505,313,10.7862,15.6276,0.71701
10/11/2505,314,6.11369,11.0395,1.80148
11/11/2505,315,4.87571,12.6222,0
12/11/2505,316,8.72869,16.1921,0
13/11/2505,317,7.66382,15.6242,0
14/11/2505,318,6.59711,13.5333,0
15/11/2505,319,8.86311,13.6925,0.407542
16/11/2505,320,7.0902,11.3005,14.5045
17/11/2505,321,0.340875,7.32099,0
18/11/2505,322,3.70971,8.80632,0
19/11/2505,323,5.85626,10.3239,0
20/11/2505,324,8.03698,12.7281,0
21/11/2505,325,7.2122,13.4967,0
22/11/2505,326,7.87153,12.8276,0
23/11/2505,327,5.09785,10.214,0
24/11/2505,328,5.31911,9.74405,0
25/11/2505,329,5.88591,11.5012,0
26/11/2505,330,5.49667,10.2181,0
27/11/2505,331,4.34759,10.9008,0
28/11/2505,332,1.99741,9.20076,0
29/11/2505,333,1.59477,7.18321,0
30/11/2505,334,-0.0567784,4.5497,15.2044
1/12/2505,335,-2.65946,3.76479,0
2/12/2505,336,-4.72723,2.68604,0
3/12/2505,337,-0.463177,6.3602,0
4/12/2505,338,2.57475,6.83566,0.437643
5/12/2505,339,1.11892,6.43092,2.67961
6/12/2505,340,2.52058,7.61013,12.7207
7/12/2505,341,4.6764,8.75644,1.36766
8/12/2505,342,3.93456,10.8416,0
9/12/2505,343,-0.0745983,7.184,0
10/12/2505,344,3.08785,6.88087,5.13992
11/12/2505,345,-3.06584,4.78921,0
12/12/2505,346,1.15975,6.1117,21.7579
13/12/2505,347,-0.882292,4.30633,0.250001
14/12/2505,348,0.00981612,4.75054,15.1166
15/12/2505,349,-2.2326,4.93718,0
16/12/2505,350,-4.07107,3.44054,0
17/12/2505,351,-2.4225,5.1542,0
18/12/2505,352,-4.58549,2.92646,0
19/12/2505,353,-2.56902,3.70144,4.27532
20/12/2505,354,-5.93076,0.403434,0
21/12/2505,355,-8.13882,-1.465,0
22/12/2505,356,-5.8654,0.617784,0
23/12/2505,357,-8.1895,-2.43911,0
24/12/2505,358,-7.49099,-1.64305,0
25/12/2505,359,-5.61791,0.406299,0
26/12/2505,360,-5.88535,0.452175,0
27/12/2505,361,-7.69295,-0.946184,0
28/12/2505,362,-8.51544,-0.688165,0
29/12/2505,363,-9.62672,-3.08495,0
30/12/2505,364,-9.40036,-3.85051,0
31/12/2505,365,-7.52037,-1.58055,0
